Nome.xa;3[3,1,7],[4,1,7],[8,1,7]
Nome.memória;3[17,1,0],[4,1,7],[8,1,7]
Nome.à;5[10,1,1],[9,1,3],[15,1,3],[4,1,7],[8,1,7]
Nome.chip,tela;3[13,1,6],[4,1,7],[8,1,7]
Nome.5.5";24[10,1,0],[1,1,4],[3,1,4],[4,1,7],[4,1,7],[5,1,7],[7,1,7],[8,1,7],[8,1,7],[9,1,7],[11,1,7],[12,1,7],[0,1,8],[2,1,8],[5,1,8],[12,1,8],[19,1,8],[0,1,9],[2,1,9],[3,1,9],[6,1,9],[12,1,9],[14,1,9],[17,1,9]
Nome.4034e;4[4,1,4],[5,1,4],[4,1,7],[8,1,7]
Nome.5.5”;1[15,1,7]
Nome.pop;3[5,1,6],[4,1,7],[8,1,7]
Nome.5s;5[4,1,0],[1,1,7],[4,1,7],[8,1,7],[19,1,9]
Nome.3ª;3[0,1,7],[4,1,7],[8,1,7]
Nome.android;298[0,1,0],[0,1,0],[1,1,0],[1,1,0],[2,1,0],[2,1,0],[4,1,0],[5,1,0],[5,1,0],[6,1,0],[6,1,0],[7,1,0],[7,1,0],[8,1,0],[8,1,0],[8,1,0],[9,1,0],[9,1,0],[9,1,0],[10,1,0],[10,1,0],[11,1,0],[11,1,0],[11,1,0],[12,1,0],[12,1,0],[13,1,0],[14,1,0],[14,1,0],[15,1,0],[15,1,0],[15,1,0],[16,1,0],[16,1,0],[17,1,0],[17,1,0],[0,1,1],[1,1,1],[1,1,1],[2,1,1],[2,1,1],[3,1,1],[3,1,1],[3,1,1],[3,1,1],[4,1,1],[4,1,1],[5,1,1],[5,1,1],[6,1,1],[6,1,1],[7,1,1],[7,1,1],[8,1,1],[8,1,1],[8,1,1],[9,1,1],[9,1,1],[11,1,1],[11,1,1],[11,1,1],[12,1,1],[12,1,1],[12,1,1],[13,1,1],[13,1,1],[13,1,1],[14,1,1],[14,1,1],[14,1,1],[15,1,1],[15,1,1],[15,1,1],[16,1,1],[17,1,1],[17,1,1],[17,1,1],[18,1,1],[18,1,1],[19,1,1],[0,1,2],[5,1,2],[6,1,2],[7,1,2],[8,1,2],[13,1,2],[18,1,2],[0,1,3],[0,1,3],[0,1,3],[1,1,3],[1,1,3],[1,1,3],[3,1,3],[3,1,3],[4,1,3],[4,1,3],[4,1,3],[5,1,3],[6,1,3],[6,1,3],[7,1,3],[8,1,3],[9,1,3],[10,1,3],[10,1,3],[10,1,3],[11,1,3],[11,1,3],[11,1,3],[12,1,3],[12,1,3],[13,1,3],[13,1,3],[16,1,3],[16,1,3],[16,1,3],[18,1,3],[18,1,3],[19,1,3],[19,1,3],[19,1,3],[19,1,3],[1,1,4],[3,1,4],[4,1,4],[5,1,4],[5,1,4],[0,1,5],[1,1,5],[1,1,5],[1,1,5],[2,1,5],[2,1,5],[2,1,5],[3,1,5],[4,1,5],[5,1,5],[5,1,5],[6,1,5],[6,1,5],[6,1,5],[7,1,5],[7,1,5],[7,1,5],[8,1,5],[8,1,5],[9,1,5],[9,1,5],[10,1,5],[11,1,5],[11,1,5],[12,1,5],[12,1,5],[13,1,5],[13,1,5],[13,1,5],[14,1,5],[14,1,5],[14,1,5],[15,1,5],[15,1,5],[15,1,5],[16,1,5],[16,1,5],[16,1,5],[17,1,5],[17,1,5],[17,1,5],[18,1,5],[19,1,5],[19,1,5],[0,1,6],[1,1,6],[2,1,6],[2,1,6],[3,1,6],[4,1,6],[6,1,6],[9,1,6],[10,1,6],[10,1,6],[11,1,6],[12,1,6],[13,1,6],[14,1,6],[14,1,6],[15,1,6],[16,1,6],[17,1,6],[0,1,7],[2,1,7],[2,1,7],[4,1,7],[5,1,7],[6,1,7],[7,1,7],[8,1,7],[10,1,7],[11,1,7],[12,1,7],[13,1,7],[16,1,7],[17,1,7],[17,1,7],[18,1,7],[19,1,7],[0,1,8],[0,1,8],[1,1,8],[1,1,8],[2,1,8],[2,1,8],[3,1,8],[3,1,8],[3,1,8],[4,1,8],[4,1,8],[5,1,8],[5,1,8],[6,1,8],[6,1,8],[7,1,8],[7,1,8],[8,1,8],[8,1,8],[8,1,8],[9,1,8],[9,1,8],[10,1,8],[10,1,8],[11,1,8],[11,1,8],[12,1,8],[12,1,8],[13,1,8],[13,1,8],[14,1,8],[14,1,8],[15,1,8],[15,1,8],[16,1,8],[16,1,8],[17,1,8],[18,1,8],[18,1,8],[18,1,8],[19,1,8],[19,1,8],[19,1,8],[0,1,9],[0,1,9],[1,1,9],[1,1,9],[1,1,9],[2,1,9],[2,1,9],[2,1,9],[3,1,9],[3,1,9],[3,1,9],[4,1,9],[4,1,9],[5,1,9],[5,1,9],[6,1,9],[6,1,9],[7,1,9],[7,1,9],[8,1,9],[8,1,9],[8,1,9],[9,1,9],[9,1,9],[10,1,9],[10,1,9],[10,1,9],[11,1,9],[11,1,9],[12,1,9],[12,1,9],[12,1,9],[13,1,9],[13,1,9],[13,1,9],[14,1,9],[14,1,9],[14,1,9],[15,1,9],[15,1,9],[16,1,9],[16,1,9],[16,1,9],[17,1,9],[17,1,9],[18,1,9],[18,1,9],[19,1,9]
Nome.4.7",;3[16,1,3],[4,1,7],[8,1,7]
Bateria[2401-2700];
Nome.one;4[0,1,4],[2,1,4],[4,1,7],[8,1,7]
Nome.qwerty,;3[14,1,3],[4,1,7],[8,1,7]
Nome.4.7";1[10,1,7]
Nome.id,;6[10,1,1],[2,1,3],[9,1,3],[15,1,3],[4,1,7],[8,1,7]
Nome.qualcomm;4[6,1,0],[3,1,3],[4,1,7],[8,1,7]
Nome.x5;1[17,1,8]
Nome.9361920);1[11,1,7]
Nome.positivo;3[18,1,3],[4,1,7],[8,1,7]
Nome.6,;4[6,1,6],[7,1,6],[4,1,7],[8,1,7]
Nome.4g;64[0,1,0],[1,1,0],[2,1,0],[7,1,0],[8,1,0],[10,1,0],[11,1,0],[12,1,0],[14,1,0],[16,1,0],[17,1,0],[10,1,1],[5,1,2],[6,1,2],[9,1,2],[15,1,2],[9,1,3],[15,1,3],[1,1,4],[3,1,4],[0,1,7],[4,1,7],[5,1,7],[6,1,7],[7,1,7],[8,1,7],[10,1,7],[12,1,7],[16,1,7],[18,1,7],[19,1,7],[0,1,8],[1,1,8],[2,1,8],[3,1,8],[5,1,8],[6,1,8],[7,1,8],[9,1,8],[10,1,8],[11,1,8],[12,1,8],[13,1,8],[14,1,8],[15,1,8],[16,1,8],[18,1,8],[19,1,8],[0,1,9],[1,1,9],[2,1,9],[3,1,9],[4,1,9],[5,1,9],[6,1,9],[8,1,9],[9,1,9],[11,1,9],[12,1,9],[13,1,9],[14,1,9],[16,1,9],[17,1,9],[18,1,9]
Nome.wifi;10[0,1,4],[2,1,4],[4,1,7],[8,1,7],[3,1,8],[7,1,8],[13,1,8],[18,1,8],[4,1,9],[11,1,9]
Nome.6.0,;23[0,1,1],[2,1,1],[7,1,1],[8,1,1],[12,1,1],[13,1,1],[18,1,1],[0,1,3],[3,1,3],[4,1,3],[6,1,3],[8,1,3],[11,1,3],[12,1,3],[16,1,3],[18,1,3],[19,1,3],[4,1,5],[6,1,5],[10,1,5],[12,1,5],[4,1,7],[8,1,7]
Nome.5.3,;3[2,1,6],[4,1,7],[8,1,7]
Nome.6";5[0,1,0],[2,1,7],[3,1,7],[4,1,7],[8,1,7]
Nome.bambu;6[8,1,3],[1,1,4],[3,1,4],[4,1,7],[8,1,7],[9,1,9]
Nome.5.3";13[8,1,1],[13,1,1],[6,1,3],[19,1,3],[4,1,5],[4,1,7],[8,1,7],[11,1,8],[15,1,8],[16,1,8],[1,1,9],[5,1,9],[8,1,9]
Nome.6.0";4[0,1,4],[2,1,4],[4,1,7],[8,1,7]
Nome.teclado;3[14,1,3],[4,1,7],[8,1,7]
Nome.24gb;4[0,1,4],[2,1,4],[4,1,7],[8,1,7]
Nome.octa;21[8,1,1],[9,1,1],[13,1,1],[16,1,1],[1,1,3],[6,1,3],[11,1,3],[19,1,3],[0,1,5],[2,1,5],[4,1,5],[7,1,5],[8,1,5],[18,1,5],[0,1,6],[2,1,6],[16,1,6],[17,1,6],[4,1,7],[8,1,7],[12,1,9]
Nome.play;11[15,1,0],[0,1,1],[18,1,1],[13,1,2],[10,1,5],[12,1,5],[4,1,7],[5,1,7],[8,1,7],[4,1,8],[15,1,9]
Nome.5.5",;14[1,1,1],[9,1,1],[16,1,1],[1,1,3],[3,1,3],[13,1,3],[0,1,5],[2,1,5],[7,1,5],[8,1,5],[18,1,5],[19,1,5],[4,1,7],[8,1,7]
Nome.5,2",;3[11,1,6],[4,1,7],[8,1,7]
Nome.5.2,;3[17,1,6],[4,1,7],[8,1,7]
Nome.9,;3[2,1,3],[4,1,7],[8,1,7]
Nome.5mp,;8[2,1,1],[14,1,1],[12,1,3],[1,1,5],[13,1,5],[4,1,7],[8,1,7],[17,1,8]
Nome.5.5&quot;3[7,1,3],[4,1,7],[8,1,7]
Nome.4.5,;3[15,1,6],[4,1,7],[8,1,7]
Nome.16mp;16[0,1,0],[12,1,0],[16,1,0],[1,1,4],[3,1,4],[4,1,7],[4,1,7],[8,1,7],[8,1,7],[16,1,7],[18,1,7],[19,1,7],[8,1,8],[7,1,9],[9,1,9],[10,1,9]
Nome.5.2";12[2,1,0],[11,1,0],[12,1,0],[16,1,0],[4,1,7],[8,1,7],[16,1,7],[17,1,7],[6,1,8],[10,1,8],[14,1,8],[13,1,9]
Nome.256gb;3[3,1,0],[4,1,7],[8,1,7]
Nome.s8+;3[18,1,2],[4,1,7],[8,1,7]
Nome.lenovo;11[7,1,0],[14,1,0],[2,1,1],[9,1,2],[10,1,2],[3,1,3],[12,1,3],[1,1,6],[4,1,7],[6,1,7],[8,1,7]
Nome.gb,;6[11,1,6],[14,1,6],[15,1,6],[17,1,6],[4,1,7],[8,1,7]
Preco[3901-4200];21[1,1,1],[14,1,1],[3,1,2],[5,1,2],[8,1,2],[10,1,2],[10,1,3],[12,1,3],[18,1,3],[4,1,4],[5,1,4],[1,1,5],[13,1,5],[14,1,5],[1,1,6],[4,1,6],[5,1,6],[8,1,6],[9,1,6],[10,1,6],[15,1,6]
Nome.x;13[12,1,1],[11,1,3],[11,1,6],[14,1,6],[4,1,7],[5,1,7],[8,1,7],[13,1,7],[6,1,8],[10,1,8],[14,1,8],[5,1,9],[8,1,9]
Nome.6s;4[2,1,3],[4,1,7],[8,1,7],[14,1,7]
Nome.z;4[9,1,7],[11,1,7],[15,1,7],[2,1,9]
Nome.hd,;8[8,1,1],[13,1,1],[2,1,3],[6,1,3],[19,1,3],[4,1,5],[4,1,7],[8,1,7]
Nome.z5;3[7,1,3],[4,1,7],[8,1,7]
Nome.branco;17[16,1,0],[8,1,1],[19,1,2],[4,1,3],[6,1,3],[4,1,5],[0,1,6],[13,1,6],[15,1,6],[3,1,7],[4,1,7],[8,1,7],[9,1,7],[11,1,8],[1,1,9],[3,1,9],[7,1,9]
Nome.style;1[2,1,9]
Nome.5.1,;4[6,1,1],[4,1,7],[8,1,7],[17,1,8]
Nome.4ª;4[1,1,4],[3,1,4],[4,1,7],[8,1,7]
Nome.safira;4[12,1,0],[4,1,7],[8,1,7],[17,1,7]
Nome.leitor;6[1,1,1],[7,1,5],[18,1,5],[19,1,5],[4,1,7],[8,1,7]
Nome.5”,;3[18,1,3],[4,1,7],[8,1,7]
Nome.16gb,;21[0,1,1],[8,1,1],[12,1,1],[13,1,1],[16,1,1],[17,1,1],[18,1,1],[19,1,1],[6,1,3],[11,1,3],[13,1,3],[16,1,3],[19,1,3],[0,1,5],[2,1,5],[4,1,5],[10,1,5],[11,1,5],[12,1,5],[4,1,7],[8,1,7]
Nome.5,5";4[17,1,0],[4,1,7],[8,1,7],[9,1,9]
Nome.a2016b30;3[1,1,6],[4,1,7],[8,1,7]
Nome.ot8050;4[6,1,6],[7,1,6],[4,1,7],[8,1,7]
Bateria[4501-4800];
Nome.power;8[12,1,1],[4,1,7],[8,1,7],[9,1,7],[11,1,7],[15,1,7],[5,1,9],[8,1,9]
Nome.5.2",;6[17,1,1],[19,1,1],[11,1,3],[11,1,5],[4,1,7],[8,1,7]
Nome.core,;6[9,1,6],[12,1,6],[15,1,6],[4,1,7],[8,1,7],[17,1,8]
Nome.digital,;4[13,1,3],[12,1,6],[4,1,7],[8,1,7]
Nome.colorido;3[17,1,3],[4,1,7],[8,1,7]
Nome.ouro;10[2,1,0],[3,1,1],[5,1,3],[9,1,3],[16,1,5],[4,1,7],[8,1,7],[13,1,7],[1,1,8],[18,1,9]
Nome.mp,;6[2,1,6],[10,1,6],[15,1,6],[17,1,6],[4,1,7],[8,1,7]
Nome.16mp,;7[7,1,1],[3,1,3],[4,1,3],[8,1,3],[6,1,5],[4,1,7],[8,1,7]
Nome.j500m;6[1,1,2],[14,1,2],[2,1,6],[3,1,6],[4,1,7],[8,1,7]
Preco[3001-3300];39[0,1,0],[4,1,0],[12,1,1],[13,1,1],[15,1,1],[17,1,1],[18,1,1],[19,1,1],[1,1,2],[2,1,2],[9,1,2],[13,1,2],[14,1,2],[19,1,2],[1,1,3],[6,1,3],[13,1,3],[16,1,3],[19,1,3],[0,1,4],[2,1,4],[0,1,5],[2,1,5],[3,1,5],[4,1,5],[8,1,5],[10,1,5],[11,1,5],[12,1,5],[15,1,5],[17,1,5],[2,1,6],[3,1,6],[6,1,6],[7,1,6],[11,1,6],[12,1,6],[14,1,6],[17,1,8]
Nome.4.5",;7[2,1,1],[6,1,1],[10,1,3],[12,1,3],[1,1,6],[4,1,7],[8,1,7]
Nome.4,7";4[3,1,0],[13,1,0],[4,1,7],[8,1,7]
Nome.13mp;64[5,1,0],[6,1,0],[8,1,0],[10,1,0],[11,1,0],[14,1,0],[17,1,0],[8,1,1],[13,1,1],[6,1,3],[16,1,3],[19,1,3],[0,1,4],[2,1,4],[4,1,5],[0,1,6],[2,1,6],[2,1,6],[3,1,6],[6,1,6],[7,1,6],[16,1,6],[0,1,7],[2,1,7],[4,1,7],[6,1,7],[7,1,7],[8,1,7],[9,1,7],[10,1,7],[11,1,7],[12,1,7],[13,1,7],[15,1,7],[0,1,8],[1,1,8],[2,1,8],[3,1,8],[5,1,8],[6,1,8],[9,1,8],[10,1,8],[11,1,8],[12,1,8],[13,1,8],[14,1,8],[15,1,8],[16,1,8],[19,1,8],[0,1,9],[1,1,9],[2,1,9],[3,1,9],[4,1,9],[5,1,9],[6,1,9],[8,1,9],[11,1,9],[12,1,9],[13,1,9],[14,1,9],[16,1,9],[17,1,9],[18,1,9]
Nome.pixi;7[11,1,2],[0,1,4],[2,1,4],[4,1,4],[5,1,4],[4,1,7],[8,1,7]
Nome.5.2'',;4[5,1,3],[5,1,5],[4,1,7],[8,1,7]
Nome.display;3[17,1,3],[4,1,7],[8,1,7]
Nome.a310m/ds;3[16,1,3],[4,1,7],[8,1,7]
Nome.4,7”;6[10,1,1],[2,1,3],[9,1,3],[15,1,3],[4,1,7],[8,1,7]
Nome.cromado;3[7,1,3],[4,1,7],[8,1,7]
Nome.dualchip;8[0,1,7],[4,1,7],[4,1,7],[5,1,7],[6,1,7],[8,1,7],[8,1,7],[13,1,7]
Nome.full;4[11,1,6],[14,1,6],[4,1,7],[8,1,7]
Nome.snapdragon;4[6,1,0],[2,1,7],[4,1,7],[8,1,7]
Nome.câmeras;3[11,1,3],[4,1,7],[8,1,7]
Nome.9371024);3[2,1,7],[4,1,7],[8,1,7]
Bateria[3901-4200];6[7,1,0],[8,1,0],[10,1,0],[11,1,0],[14,1,0],[15,1,0]
Nome.8gb;8[9,1,0],[4,1,4],[5,1,4],[12,1,6],[4,1,7],[8,1,7],[7,1,8],[18,1,8]
Nome.24gb*,;3[9,1,6],[4,1,7],[8,1,7]
Bateria[1801-2100];
Nome.5.3",;3[12,1,1],[4,1,7],[8,1,7]
Nome.5,;4[2,1,6],[3,1,6],[4,1,7],[8,1,7]
Nome.sound;2[9,1,7],[11,1,7]
Nome.7.0,;8[3,1,1],[11,1,1],[5,1,3],[5,1,5],[9,1,5],[16,1,5],[4,1,7],[8,1,7]
Nome.3g;7[18,1,3],[0,1,4],[2,1,4],[4,1,4],[5,1,4],[4,1,7],[8,1,7]
Nome.3d;7[3,1,0],[10,1,1],[2,1,3],[9,1,3],[15,1,3],[4,1,7],[8,1,7]
Preco[1501-1800];26[4,1,2],[12,1,2],[0,1,8],[3,1,8],[4,1,8],[6,1,8],[7,1,8],[10,1,8],[11,1,8],[12,1,8],[13,1,8],[14,1,8],[15,1,8],[16,1,8],[18,1,8],[19,1,8],[1,1,9],[3,1,9],[4,1,9],[5,1,9],[8,1,9],[11,1,9],[13,1,9],[14,1,9],[15,1,9],[17,1,9]
Nome.5';5[4,1,6],[8,1,6],[9,1,6],[4,1,7],[8,1,7]
Nome.8869278);1[19,1,7]
Nome.5,2,;3[14,1,6],[4,1,7],[8,1,7]
Nome.5";17[6,1,0],[7,1,0],[8,1,0],[9,1,0],[14,1,0],[0,1,7],[4,1,7],[6,1,7],[8,1,7],[1,1,8],[3,1,8],[9,1,8],[13,1,8],[4,1,9],[11,1,9],[16,1,9],[18,1,9]
Nome.(cód:;22[0,1,7],[1,1,7],[2,1,7],[3,1,7],[4,1,7],[4,1,7],[5,1,7],[6,1,7],[7,1,7],[8,1,7],[8,1,7],[9,1,7],[10,1,7],[11,1,7],[12,1,7],[13,1,7],[14,1,7],[15,1,7],[16,1,7],[17,1,7],[18,1,7],[19,1,7]
Nome.5,2";1[13,1,7]
Nome.mirage;4[9,1,0],[17,1,0],[4,1,7],[8,1,7]
Nome.5.5'';6[5,1,0],[4,1,7],[8,1,7],[8,1,8],[7,1,9],[10,1,9]
Nome.chip,3g,tela;4[4,1,6],[8,1,6],[4,1,7],[8,1,7]
Nome.tv;20[8,1,1],[13,1,1],[3,1,2],[8,1,2],[17,1,2],[5,1,3],[6,1,3],[13,1,3],[19,1,3],[4,1,5],[5,1,5],[4,1,6],[8,1,6],[12,1,6],[4,1,7],[8,1,7],[11,1,8],[15,1,8],[16,1,8],[1,1,9]
Nome.bluetooth,;3[14,1,3],[4,1,7],[8,1,7]
Nome.g532mt;4[3,1,2],[8,1,2],[4,1,7],[8,1,7]
Nome.5'',;10[0,1,1],[3,1,1],[11,1,1],[18,1,1],[9,1,5],[10,1,5],[12,1,5],[16,1,5],[4,1,7],[8,1,7]
Nome.capa;4[2,1,1],[12,1,3],[4,1,7],[8,1,7]
Nome.9202910);1[14,1,7]
Nome.lollipop;2[6,1,7],[8,1,7]
Nome.4";7[4,1,0],[11,1,2],[4,1,4],[5,1,4],[4,1,7],[8,1,7],[19,1,9]
Nome.metallic;3[9,1,6],[4,1,7],[8,1,7]
Nome.q7;1[16,1,7]
Nome.touch,;6[10,1,1],[2,1,3],[9,1,3],[15,1,3],[4,1,7],[8,1,7]
Nome.on;3[12,1,8],[19,1,8],[17,1,9]
Nome.celular;16[14,1,3],[17,1,3],[0,1,6],[2,1,6],[2,1,6],[3,1,6],[4,1,6],[5,1,6],[8,1,6],[9,1,6],[11,1,6],[14,1,6],[15,1,6],[16,1,6],[4,1,7],[8,1,7]
Nome.ot4034e;3[11,1,2],[4,1,7],[8,1,7]
Nome.zb500kl1a058br;3[6,1,0],[4,1,7],[8,1,7]
Nome.gray,;3[14,1,3],[4,1,7],[8,1,7]
Nome.platinum;9[8,1,0],[11,1,1],[17,1,2],[5,1,5],[9,1,5],[4,1,7],[8,1,7],[9,1,8],[16,1,9]
Nome.9361927);1[9,1,7]
Nome.5",;4[12,1,6],[4,1,7],[8,1,7],[17,1,8]
Nome.9337730);2[8,1,7],[8,1,7]
Nome.prime;16[1,1,1],[3,1,2],[6,1,2],[8,1,2],[15,1,2],[7,1,5],[18,1,5],[19,1,5],[12,1,6],[4,1,7],[8,1,7],[2,1,8],[5,1,8],[0,1,9],[6,1,9],[12,1,9]
Nome.câm;10[2,1,7],[3,1,7],[4,1,7],[4,1,7],[8,1,7],[8,1,7],[9,1,7],[10,1,7],[11,1,7],[15,1,7]
Nome.zb551kl;3[13,1,3],[4,1,7],[8,1,7]
Nome.ed.;1[11,1,7]
Nome.13mp/5mp;4[11,1,6],[14,1,6],[4,1,7],[8,1,7]
Conexao.NFC;2[4,1,7],[8,1,7]
Nome.12mp,;8[10,1,1],[2,1,3],[5,1,3],[9,1,3],[15,1,3],[5,1,5],[4,1,7],[8,1,7]
Nome.j710m;3[2,1,2],[4,1,7],[8,1,7]
Nome.desbloqueado;23[0,1,2],[1,1,2],[2,1,2],[3,1,2],[4,1,2],[5,1,2],[6,1,2],[7,1,2],[8,1,2],[9,1,2],[10,1,2],[11,1,2],[12,1,2],[13,1,2],[14,1,2],[15,1,2],[16,1,2],[18,1,2],[19,1,2],[14,1,3],[17,1,3],[4,1,7],[8,1,7]
Nome.s8;3[16,1,2],[4,1,7],[8,1,7]
Nome.16;6[11,1,6],[14,1,6],[17,1,6],[4,1,7],[8,1,7],[17,1,7]
Nome.s6;2[18,1,7],[19,1,7]
Nome.s7;4[1,1,0],[0,1,3],[4,1,7],[8,1,7]
Nome.1.5ghz;4[16,1,3],[4,1,7],[8,1,7],[10,1,7]
Nome.pixi4;8[4,1,6],[6,1,6],[7,1,6],[8,1,6],[9,1,6],[12,1,6],[4,1,7],[8,1,7]
Nome.13;3[17,1,6],[4,1,7],[8,1,7]
Nome.digital,dual;4[4,1,6],[8,1,6],[4,1,7],[8,1,7]
Bateria[1501-1800];
Nome.ametista;3[16,1,2],[4,1,7],[8,1,7]
Nome.gold;1[14,1,8]
Preco[901-1200];14[8,1,0],[11,1,0],[3,1,1],[7,1,1],[11,1,1],[7,1,3],[1,1,8],[8,1,8],[9,1,8],[7,1,9],[9,1,9],[10,1,9],[16,1,9],[18,1,9]
Nome.12mp;6[1,1,0],[2,1,0],[3,1,0],[0,1,3],[4,1,7],[8,1,7]
Nome.samsung;76[0,1,0],[1,1,0],[10,1,0],[11,1,0],[1,1,1],[4,1,1],[5,1,1],[9,1,1],[14,1,1],[15,1,1],[16,1,1],[17,1,1],[19,1,1],[0,1,2],[1,1,2],[2,1,2],[3,1,2],[4,1,2],[6,1,2],[7,1,2],[8,1,2],[12,1,2],[14,1,2],[15,1,2],[16,1,2],[18,1,2],[19,1,2],[0,1,3],[1,1,3],[10,1,3],[16,1,3],[0,1,5],[1,1,5],[2,1,5],[3,1,5],[7,1,5],[8,1,5],[11,1,5],[13,1,5],[14,1,5],[15,1,5],[17,1,5],[18,1,5],[19,1,5],[0,1,6],[2,1,6],[3,1,6],[10,1,6],[12,1,6],[16,1,6],[17,1,6],[4,1,7],[7,1,7],[8,1,7],[10,1,7],[12,1,7],[18,1,7],[19,1,7],[0,1,8],[2,1,8],[3,1,8],[5,1,8],[7,1,8],[12,1,8],[13,1,8],[18,1,8],[19,1,8],[0,1,9],[3,1,9],[4,1,9],[6,1,9],[11,1,9],[12,1,9],[13,1,9],[14,1,9],[17,1,9]
Nome.biométrico,;6[1,1,1],[7,1,5],[18,1,5],[19,1,5],[4,1,7],[8,1,7]
Nome.capas;4[8,1,6],[9,1,6],[4,1,7],[8,1,7]
Nome.chip;63[0,1,0],[2,1,0],[5,1,0],[6,1,0],[7,1,0],[8,1,0],[9,1,0],[10,1,0],[11,1,0],[12,1,0],[14,1,0],[15,1,0],[16,1,0],[17,1,0],[17,1,3],[0,1,4],[1,1,4],[2,1,4],[3,1,4],[4,1,4],[5,1,4],[4,1,7],[7,1,7],[8,1,7],[12,1,7],[0,1,8],[1,1,8],[2,1,8],[3,1,8],[4,1,8],[5,1,8],[6,1,8],[7,1,8],[8,1,8],[9,1,8],[10,1,8],[11,1,8],[12,1,8],[13,1,8],[14,1,8],[15,1,8],[16,1,8],[18,1,8],[19,1,8],[0,1,9],[1,1,9],[2,1,9],[3,1,9],[4,1,9],[5,1,9],[6,1,9],[7,1,9],[8,1,9],[9,1,9],[10,1,9],[11,1,9],[12,1,9],[13,1,9],[14,1,9],[15,1,9],[16,1,9],[17,1,9],[18,1,9]
Nome.32gb;32[0,1,0],[1,1,0],[2,1,0],[8,1,0],[12,1,0],[14,1,0],[16,1,0],[9,1,2],[17,1,2],[1,1,4],[3,1,4],[4,1,7],[4,1,7],[5,1,7],[8,1,7],[8,1,7],[16,1,7],[18,1,7],[19,1,7],[1,1,8],[2,1,8],[5,1,8],[8,1,8],[9,1,8],[0,1,9],[6,1,9],[7,1,9],[9,1,9],[10,1,9],[12,1,9],[16,1,9],[18,1,9]
Nome.mini;5[14,1,1],[1,1,5],[13,1,5],[4,1,7],[8,1,7]
Nome.j700m;5[19,1,2],[0,1,6],[16,1,6],[4,1,7],[8,1,7]
Preco[2101-2400];9[12,1,0],[16,1,0],[2,1,3],[2,1,8],[5,1,8],[0,1,9],[6,1,9],[12,1,9],[19,1,9]
Bateria[2701-3000];3[0,1,0],[3,1,0],[4,1,0]
Nome.k10;12[8,1,1],[13,1,1],[6,1,3],[19,1,3],[4,1,5],[2,1,6],[4,1,7],[8,1,7],[11,1,8],[15,1,8],[16,1,8],[1,1,9]
Nome.b;5[2,1,1],[12,1,3],[1,1,6],[4,1,7],[8,1,7]
Nome.8gb,;8[2,1,1],[6,1,1],[12,1,3],[1,1,6],[10,1,6],[4,1,7],[8,1,7],[17,1,8]
Nome.cam;10[11,1,3],[11,1,6],[14,1,6],[4,1,7],[8,1,7],[13,1,7],[16,1,7],[6,1,8],[10,1,8],[14,1,8]
Nome.ghz;33[0,1,0],[9,1,0],[4,1,1],[5,1,1],[8,1,1],[9,1,1],[12,1,1],[13,1,1],[14,1,1],[15,1,1],[16,1,1],[17,1,1],[19,1,1],[1,1,3],[6,1,3],[10,1,3],[11,1,3],[18,1,3],[19,1,3],[0,1,5],[1,1,5],[2,1,5],[3,1,5],[4,1,5],[8,1,5],[11,1,5],[13,1,5],[14,1,5],[15,1,5],[17,1,5],[4,1,7],[8,1,7],[12,1,9]
Nome.m;4[18,1,3],[3,1,7],[4,1,7],[8,1,7]
Nome.5.5'',;6[7,1,1],[4,1,3],[8,1,3],[6,1,5],[4,1,7],[8,1,7]
Nome.e;58[0,1,1],[1,1,1],[3,1,1],[4,1,1],[5,1,1],[6,1,1],[7,1,1],[8,1,1],[9,1,1],[10,1,1],[11,1,1],[12,1,1],[13,1,1],[14,1,1],[15,1,1],[16,1,1],[17,1,1],[18,1,1],[19,1,1],[0,1,3],[1,1,3],[2,1,3],[3,1,3],[4,1,3],[5,1,3],[6,1,3],[8,1,3],[9,1,3],[10,1,3],[10,1,3],[11,1,3],[13,1,3],[15,1,3],[16,1,3],[18,1,3],[19,1,3],[0,1,5],[1,1,5],[2,1,5],[3,1,5],[4,1,5],[5,1,5],[6,1,5],[7,1,5],[8,1,5],[9,1,5],[10,1,5],[11,1,5],[12,1,5],[13,1,5],[14,1,5],[15,1,5],[16,1,5],[17,1,5],[18,1,5],[19,1,5],[4,1,7],[8,1,7]
Nome.g;12[2,1,0],[8,1,0],[0,1,7],[4,1,7],[4,1,7],[8,1,7],[8,1,7],[1,1,8],[9,1,8],[9,1,9],[16,1,9],[18,1,9]
Preco[1801-2100];6[2,1,0],[13,1,0],[16,1,2],[9,1,3],[15,1,3],[2,1,9]
Nome.13mp,;26[1,1,1],[3,1,1],[4,1,1],[5,1,1],[9,1,1],[11,1,1],[12,1,1],[15,1,1],[16,1,1],[17,1,1],[19,1,1],[1,1,3],[13,1,3],[0,1,5],[2,1,5],[3,1,5],[7,1,5],[8,1,5],[9,1,5],[11,1,5],[16,1,5],[17,1,5],[18,1,5],[19,1,5],[4,1,7],[8,1,7]
Nome.dark;3[14,1,3],[4,1,7],[8,1,7]
Nome.amoled,;5[0,1,6],[10,1,6],[16,1,6],[4,1,7],[8,1,7]
Nome.tela;155[0,1,0],[1,1,0],[2,1,0],[3,1,0],[5,1,0],[6,1,0],[7,1,0],[8,1,0],[9,1,0],[10,1,0],[11,1,0],[12,1,0],[13,1,0],[14,1,0],[15,1,0],[16,1,0],[17,1,0],[0,1,1],[1,1,1],[2,1,1],[3,1,1],[4,1,1],[5,1,1],[6,1,1],[7,1,1],[8,1,1],[9,1,1],[10,1,1],[11,1,1],[12,1,1],[13,1,1],[14,1,1],[15,1,1],[16,1,1],[17,1,1],[18,1,1],[19,1,1],[0,1,3],[1,1,3],[2,1,3],[3,1,3],[4,1,3],[5,1,3],[6,1,3],[7,1,3],[8,1,3],[9,1,3],[10,1,3],[11,1,3],[12,1,3],[13,1,3],[15,1,3],[16,1,3],[18,1,3],[19,1,3],[0,1,4],[1,1,4],[2,1,4],[3,1,4],[4,1,4],[5,1,4],[0,1,5],[1,1,5],[2,1,5],[3,1,5],[4,1,5],[5,1,5],[6,1,5],[7,1,5],[8,1,5],[9,1,5],[10,1,5],[11,1,5],[12,1,5],[13,1,5],[14,1,5],[15,1,5],[16,1,5],[17,1,5],[18,1,5],[19,1,5],[0,1,6],[1,1,6],[2,1,6],[2,1,6],[3,1,6],[5,1,6],[6,1,6],[7,1,6],[9,1,6],[10,1,6],[11,1,6],[12,1,6],[12,1,6],[14,1,6],[15,1,6],[16,1,6],[17,1,6],[0,1,7],[2,1,7],[3,1,7],[4,1,7],[4,1,7],[5,1,7],[6,1,7],[7,1,7],[8,1,7],[8,1,7],[9,1,7],[11,1,7],[12,1,7],[13,1,7],[15,1,7],[17,1,7],[18,1,7],[19,1,7],[0,1,8],[1,1,8],[2,1,8],[3,1,8],[4,1,8],[5,1,8],[6,1,8],[7,1,8],[8,1,8],[9,1,8],[10,1,8],[11,1,8],[12,1,8],[13,1,8],[14,1,8],[15,1,8],[16,1,8],[18,1,8],[19,1,8],[0,1,9],[1,1,9],[2,1,9],[3,1,9],[4,1,9],[5,1,9],[6,1,9],[7,1,9],[8,1,9],[9,1,9],[10,1,9],[11,1,9],[12,1,9],[13,1,9],[14,1,9],[15,1,9],[16,1,9],[17,1,9],[18,1,9],[19,1,9]
Nome.9363461);1[10,1,7]
Nome.ram+3;3[8,1,6],[4,1,7],[8,1,7]
Nome.core;49[9,1,0],[17,1,0],[4,1,1],[5,1,1],[6,1,1],[8,1,1],[9,1,1],[12,1,1],[13,1,1],[14,1,1],[15,1,1],[16,1,1],[17,1,1],[19,1,1],[1,1,3],[6,1,3],[10,1,3],[11,1,3],[13,1,3],[16,1,3],[19,1,3],[0,1,5],[1,1,5],[2,1,5],[3,1,5],[4,1,5],[7,1,5],[8,1,5],[11,1,5],[13,1,5],[14,1,5],[15,1,5],[17,1,5],[18,1,5],[0,1,6],[1,1,6],[2,1,6],[2,1,6],[3,1,6],[4,1,6],[6,1,6],[7,1,6],[10,1,6],[12,1,6],[16,1,6],[17,1,6],[4,1,7],[8,1,7],[12,1,9]
Nome.6;8[12,1,0],[13,1,0],[16,1,0],[6,1,6],[7,1,6],[2,1,7],[4,1,7],[8,1,7]
Nome.5;15[2,1,0],[8,1,0],[2,1,6],[15,1,6],[17,1,6],[0,1,7],[4,1,7],[5,1,7],[8,1,7],[18,1,7],[19,1,7],[1,1,8],[9,1,8],[16,1,9],[18,1,9]
Nome.apple;12[3,1,0],[4,1,0],[13,1,0],[10,1,1],[2,1,3],[9,1,3],[15,1,3],[1,1,7],[4,1,7],[8,1,7],[14,1,7],[19,1,9]
Nome.moto;43[2,1,0],[5,1,0],[8,1,0],[15,1,0],[0,1,1],[3,1,1],[7,1,1],[11,1,1],[18,1,1],[13,1,2],[17,1,2],[4,1,3],[5,1,3],[8,1,3],[1,1,4],[3,1,4],[5,1,5],[6,1,5],[9,1,5],[10,1,5],[12,1,5],[16,1,5],[13,1,6],[0,1,7],[4,1,7],[4,1,7],[5,1,7],[8,1,7],[8,1,7],[9,1,7],[11,1,7],[15,1,7],[1,1,8],[4,1,8],[8,1,8],[9,1,8],[2,1,9],[7,1,9],[9,1,9],[10,1,9],[15,1,9],[16,1,9],[18,1,9]
Nome.8;3[15,1,6],[4,1,7],[8,1,7]
Nome.7;9[3,1,0],[10,1,1],[9,1,3],[15,1,3],[4,1,7],[8,1,7],[12,1,8],[19,1,8],[17,1,9]
Nome.premium;4[7,1,3],[5,1,6],[4,1,7],[8,1,7]
Nome.dualchip,;3[2,1,7],[4,1,7],[8,1,7]
Nome.4g,;62[0,1,1],[1,1,1],[2,1,1],[3,1,1],[4,1,1],[5,1,1],[6,1,1],[7,1,1],[8,1,1],[9,1,1],[11,1,1],[12,1,1],[13,1,1],[15,1,1],[16,1,1],[17,1,1],[18,1,1],[19,1,1],[0,1,3],[1,1,3],[2,1,3],[3,1,3],[4,1,3],[5,1,3],[6,1,3],[8,1,3],[11,1,3],[12,1,3],[13,1,3],[16,1,3],[19,1,3],[0,1,5],[2,1,5],[3,1,5],[4,1,5],[5,1,5],[6,1,5],[7,1,5],[8,1,5],[9,1,5],[10,1,5],[11,1,5],[12,1,5],[16,1,5],[17,1,5],[18,1,5],[19,1,5],[0,1,6],[1,1,6],[2,1,6],[2,1,6],[3,1,6],[5,1,6],[9,1,6],[11,1,6],[12,1,6],[14,1,6],[15,1,6],[16,1,6],[17,1,6],[4,1,7],[8,1,7]
Nome.5',;4[5,1,6],[9,1,6],[4,1,7],[8,1,7]
Preco[3301-3600];1[1,1,0]
Nome.8mp;24[4,1,0],[7,1,0],[9,1,0],[13,1,0],[15,1,0],[17,1,0],[4,1,4],[5,1,4],[4,1,6],[4,1,6],[5,1,6],[6,1,6],[7,1,6],[8,1,6],[8,1,6],[9,1,6],[12,1,6],[4,1,7],[8,1,7],[4,1,8],[7,1,8],[18,1,8],[15,1,9],[19,1,9]
Nome.5'';7[15,1,0],[4,1,7],[8,1,7],[4,1,8],[7,1,8],[18,1,8],[15,1,9]
Nome.9406156);1[13,1,7]
Nome.g532;3[12,1,6],[4,1,7],[8,1,7]
Nome.laser;3[2,1,7],[4,1,7],[8,1,7]
Nome.1.4ghz,;3[12,1,6],[4,1,7],[8,1,7]
Nome.espacial;5[13,1,0],[1,1,7],[4,1,7],[8,1,7],[19,1,9]
Nome.lte;6[6,1,0],[10,1,1],[9,1,3],[15,1,3],[4,1,7],[8,1,7]
Nome.ghz,;6[2,1,6],[3,1,6],[10,1,6],[17,1,6],[4,1,7],[8,1,7]
Nome.k6;5[14,1,0],[9,1,2],[3,1,3],[4,1,7],[8,1,7]
Nome.8mp,;11[0,1,1],[18,1,1],[18,1,3],[10,1,5],[12,1,5],[14,1,5],[15,1,5],[11,1,6],[14,1,6],[4,1,7],[8,1,7]
Nome.mp;5[15,1,6],[17,1,6],[4,1,7],[8,1,7],[17,1,7]
Nome.geração;5[1,1,4],[3,1,4],[0,1,7],[4,1,7],[8,1,7]
Nome.prateado;3[2,1,3],[4,1,7],[8,1,7]
Nome.21mp;2[5,1,7],[8,1,7]
Nome.9361394);3[4,1,7],[4,1,7],[8,1,7]
Nome.ios;75[10,1,1],[10,1,1],[10,1,1],[11,1,1],[12,1,1],[15,1,1],[16,1,1],[16,1,1],[17,1,1],[18,1,1],[18,1,1],[19,1,1],[19,1,1],[4,1,2],[11,1,2],[14,1,2],[17,1,2],[19,1,2],[1,1,3],[2,1,3],[2,1,3],[2,1,3],[3,1,3],[4,1,3],[5,1,3],[5,1,3],[6,1,3],[6,1,3],[8,1,3],[8,1,3],[9,1,3],[10,1,3],[11,1,3],[12,1,3],[13,1,3],[15,1,3],[15,1,3],[15,1,3],[18,1,3],[18,1,3],[0,1,5],[0,1,5],[3,1,5],[4,1,5],[5,1,5],[6,1,5],[7,1,5],[8,1,5],[9,1,5],[10,1,5],[11,1,5],[13,1,5],[14,1,5],[15,1,5],[16,1,5],[19,1,5],[2,1,6],[8,1,6],[12,1,6],[17,1,6],[3,1,7],[4,1,7],[7,1,7],[8,1,7],[15,1,7],[0,1,8],[1,1,8],[2,1,8],[9,1,8],[12,1,8],[0,1,9],[5,1,9],[9,1,9],[18,1,9],[19,1,9]
Nome.core,16gb*,1gb;3[8,1,6],[4,1,7],[8,1,7]
Nome.4gb;3[12,1,6],[4,1,7],[8,1,7]
Nome.9348053);2[7,1,7],[8,1,7]
Nome.sensor;6[10,1,1],[2,1,3],[9,1,3],[15,1,3],[4,1,7],[8,1,7]
Nome.64gb;8[16,1,2],[18,1,2],[4,1,7],[8,1,7],[9,1,7],[11,1,7],[15,1,7],[2,1,9]
Nome.ot5045;3[9,1,6],[4,1,7],[8,1,7]
Nome.2;5[10,1,6],[15,1,6],[2,1,7],[4,1,7],[8,1,7]
Nome.4;11[11,1,2],[0,1,4],[2,1,4],[4,1,4],[5,1,4],[5,1,6],[4,1,7],[4,1,7],[8,1,7],[8,1,7],[9,1,9]
Nome.3;6[12,1,0],[16,1,0],[9,1,6],[4,1,7],[8,1,7],[17,1,7]
Nome.&;2[9,1,7],[11,1,7]
Bateria[3001-3300];2[2,1,0],[5,1,0]
Nome.+;24[17,1,0],[2,1,1],[12,1,3],[0,1,6],[1,1,6],[2,1,6],[2,1,6],[3,1,6],[4,1,6],[6,1,6],[7,1,6],[8,1,6],[9,1,6],[9,1,6],[10,1,6],[11,1,6],[12,1,6],[12,1,6],[14,1,6],[15,1,6],[16,1,6],[17,1,6],[4,1,7],[8,1,7]
Nome.ips;3[5,1,6],[4,1,7],[8,1,7]
Nome.lg;26[6,1,1],[8,1,1],[12,1,1],[13,1,1],[5,1,2],[6,1,3],[11,1,3],[17,1,3],[19,1,3],[4,1,5],[2,1,6],[11,1,6],[14,1,6],[15,1,6],[4,1,7],[8,1,7],[13,1,7],[6,1,8],[10,1,8],[11,1,8],[14,1,8],[15,1,8],[16,1,8],[1,1,9],[5,1,9],[8,1,9]
Nome.s520;3[18,1,3],[4,1,7],[8,1,7]
Nome.k130f;3[5,1,2],[4,1,7],[8,1,7]
Nome.ot5051;3[5,1,6],[4,1,7],[8,1,7]
Bateria[301-600];8[6,1,0],[12,1,0],[13,1,0],[16,1,0],[11,1,8],[15,1,8],[16,1,8],[1,1,9]
Nome.1.3ghz,android;66[6,1,6],[6,1,6],[7,1,6],[9,1,6],[10,1,6],[13,1,6],[14,1,6],[16,1,6],[2,1,7],[4,1,7],[8,1,7],[11,1,7],[13,1,7],[17,1,7],[0,1,8],[1,1,8],[2,1,8],[3,1,8],[3,1,8],[4,1,8],[5,1,8],[6,1,8],[7,1,8],[8,1,8],[8,1,8],[9,1,8],[10,1,8],[11,1,8],[12,1,8],[13,1,8],[14,1,8],[15,1,8],[16,1,8],[18,1,8],[18,1,8],[19,1,8],[19,1,8],[0,1,9],[1,1,9],[1,1,9],[2,1,9],[2,1,9],[3,1,9],[3,1,9],[4,1,9],[5,1,9],[6,1,9],[7,1,9],[8,1,9],[8,1,9],[9,1,9],[10,1,9],[10,1,9],[11,1,9],[12,1,9],[12,1,9],[13,1,9],[13,1,9],[14,1,9],[14,1,9],[15,1,9],[16,1,9],[16,1,9],[17,1,9],[18,1,9],[19,1,9]
Nome.3g,;13[14,1,1],[10,1,3],[14,1,3],[18,1,3],[1,1,5],[13,1,5],[6,1,6],[7,1,6],[10,1,6],[12,1,6],[4,1,7],[8,1,7],[17,1,8]
Nome.bluetooth;4[2,1,3],[18,1,3],[4,1,7],[8,1,7]
Nome.ram,;8[1,1,6],[6,1,6],[7,1,6],[11,1,6],[14,1,6],[17,1,6],[4,1,7],[8,1,7]
Nome.ram;21[17,1,0],[0,1,1],[3,1,1],[7,1,1],[11,1,1],[12,1,1],[18,1,1],[3,1,3],[4,1,3],[5,1,3],[8,1,3],[11,1,3],[5,1,5],[6,1,5],[9,1,5],[10,1,5],[12,1,5],[16,1,5],[9,1,6],[4,1,7],[8,1,7]
Nome.go;4[6,1,0],[13,1,3],[4,1,7],[8,1,7]
Nome.2016;8[11,1,0],[2,1,2],[10,1,3],[16,1,3],[10,1,6],[17,1,6],[4,1,7],[8,1,7]
Nome.2017;7[0,1,2],[4,1,2],[7,1,2],[12,1,2],[2,1,6],[4,1,7],[8,1,7]
Nome.fm,;3[14,1,3],[4,1,7],[8,1,7]
Nome.câmera;148[0,1,0],[1,1,0],[2,1,0],[3,1,0],[4,1,0],[5,1,0],[6,1,0],[7,1,0],[8,1,0],[9,1,0],[10,1,0],[11,1,0],[12,1,0],[13,1,0],[14,1,0],[15,1,0],[16,1,0],[17,1,0],[0,1,1],[1,1,1],[2,1,1],[3,1,1],[4,1,1],[5,1,1],[6,1,1],[7,1,1],[8,1,1],[9,1,1],[10,1,1],[11,1,1],[12,1,1],[13,1,1],[14,1,1],[15,1,1],[16,1,1],[17,1,1],[18,1,1],[19,1,1],[0,1,3],[1,1,3],[2,1,3],[3,1,3],[4,1,3],[5,1,3],[6,1,3],[8,1,3],[9,1,3],[12,1,3],[13,1,3],[15,1,3],[16,1,3],[18,1,3],[19,1,3],[0,1,4],[1,1,4],[2,1,4],[3,1,4],[4,1,4],[5,1,4],[0,1,5],[1,1,5],[2,1,5],[3,1,5],[4,1,5],[5,1,5],[6,1,5],[7,1,5],[8,1,5],[9,1,5],[10,1,5],[11,1,5],[12,1,5],[13,1,5],[14,1,5],[15,1,5],[16,1,5],[17,1,5],[18,1,5],[19,1,5],[0,1,6],[1,1,6],[2,1,6],[2,1,6],[3,1,6],[5,1,6],[6,1,6],[7,1,6],[9,1,6],[10,1,6],[11,1,6],[12,1,6],[12,1,6],[14,1,6],[15,1,6],[16,1,6],[17,1,6],[0,1,7],[4,1,7],[5,1,7],[6,1,7],[7,1,7],[8,1,7],[12,1,7],[13,1,7],[17,1,7],[18,1,7],[19,1,7],[0,1,8],[1,1,8],[2,1,8],[3,1,8],[4,1,8],[5,1,8],[6,1,8],[7,1,8],[8,1,8],[9,1,8],[10,1,8],[11,1,8],[12,1,8],[13,1,8],[14,1,8],[15,1,8],[16,1,8],[17,1,8],[17,1,8],[18,1,8],[19,1,8],[0,1,9],[1,1,9],[2,1,9],[3,1,9],[4,1,9],[5,1,9],[6,1,9],[7,1,9],[8,1,9],[9,1,9],[10,1,9],[11,1,9],[12,1,9],[13,1,9],[14,1,9],[15,1,9],[16,1,9],[17,1,9],[18,1,9],[19,1,9]
Nome.6.0.1;5[4,1,7],[4,1,7],[8,1,7],[8,1,7],[2,1,9]
Nome.3gb;3[3,1,3],[4,1,7],[8,1,7]
Nome.8915002);3[0,1,7],[4,1,7],[8,1,7]
Preco[1201-1500];30[6,1,0],[10,1,0],[14,1,0],[15,1,0],[0,1,1],[4,1,1],[5,1,1],[8,1,1],[9,1,1],[11,1,2],[14,1,3],[17,1,3],[12,1,6],[3,1,7],[4,1,7],[5,1,7],[6,1,7],[7,1,7],[8,1,7],[9,1,7],[10,1,7],[11,1,7],[12,1,7],[13,1,7],[14,1,7],[15,1,7],[16,1,7],[17,1,7],[18,1,7],[19,1,7]
Nome.xt1672;6[3,1,1],[11,1,1],[9,1,5],[16,1,5],[4,1,7],[8,1,7]
Nome.logic;1[17,1,8]
Nome.7.0;9[2,1,0],[8,1,0],[2,1,6],[4,1,7],[8,1,7],[1,1,8],[9,1,8],[16,1,9],[18,1,9]
Nome.água,;5[10,1,1],[9,1,3],[15,1,3],[4,1,7],[8,1,7]
Nome.5.5",câmera;3[13,1,6],[4,1,7],[8,1,7]
Nome.live;3[13,1,3],[4,1,7],[8,1,7]
Nome.5',câmera;4[4,1,6],[8,1,6],[4,1,7],[8,1,7]
Nome.9411321);1[17,1,7]
Nome.fm;3[17,1,3],[4,1,7],[8,1,7]
Nome.grafite;4[9,1,2],[4,1,7],[6,1,7],[8,1,7]
Nome.1.5ghz,;5[0,1,6],[2,1,6],[16,1,6],[4,1,7],[8,1,7]
Nome.sony;4[7,1,3],[3,1,7],[4,1,7],[8,1,7]
Nome.câm.de;3[10,1,3],[4,1,7],[8,1,7]
Nome.fly;1[16,1,7]
Nome.mediatek;3[1,1,6],[4,1,7],[8,1,7]
Nome.g610m;4[6,1,2],[15,1,2],[4,1,7],[8,1,7]
Nome.xt1683;5[17,1,2],[5,1,3],[5,1,5],[4,1,7],[8,1,7]
Nome.smg950;3[16,1,2],[4,1,7],[8,1,7]
Nome.g4;19[5,1,0],[15,1,0],[0,1,1],[7,1,1],[18,1,1],[13,1,2],[4,1,3],[8,1,3],[6,1,5],[10,1,5],[12,1,5],[13,1,6],[4,1,7],[8,1,7],[4,1,8],[8,1,8],[7,1,9],[10,1,9],[15,1,9]
Nome.g5;9[3,1,1],[11,1,1],[17,1,2],[5,1,3],[5,1,5],[9,1,5],[16,1,5],[4,1,7],[8,1,7]
Nome.wifi,;8[10,1,1],[2,1,3],[9,1,3],[14,1,3],[15,1,3],[18,1,3],[4,1,7],[8,1,7]
Nome.k4;5[6,1,1],[5,1,2],[15,1,6],[4,1,7],[8,1,7]
Nome.k5;2[6,1,7],[8,1,7]
Nome.quad;33[9,1,0],[17,1,0],[4,1,1],[5,1,1],[6,1,1],[12,1,1],[14,1,1],[15,1,1],[17,1,1],[19,1,1],[10,1,3],[13,1,3],[16,1,3],[1,1,5],[3,1,5],[11,1,5],[13,1,5],[14,1,5],[15,1,5],[17,1,5],[1,1,6],[2,1,6],[3,1,6],[4,1,6],[6,1,6],[7,1,6],[9,1,6],[10,1,6],[12,1,6],[15,1,6],[4,1,7],[8,1,7],[17,1,8]
Nome.smj320m/ds;4[14,1,5],[15,1,5],[4,1,7],[8,1,7]
Nome.super;3[10,1,6],[4,1,7],[8,1,7]
Nome.2gb;22[17,1,0],[0,1,1],[3,1,1],[7,1,1],[11,1,1],[12,1,1],[18,1,1],[4,1,3],[5,1,3],[8,1,3],[11,1,3],[5,1,5],[6,1,5],[9,1,5],[10,1,5],[12,1,5],[16,1,5],[11,1,6],[14,1,6],[17,1,6],[4,1,7],[8,1,7]
Nome.galaxy;76[0,1,0],[1,1,0],[10,1,0],[11,1,0],[1,1,1],[4,1,1],[5,1,1],[9,1,1],[14,1,1],[15,1,1],[16,1,1],[17,1,1],[19,1,1],[0,1,2],[1,1,2],[2,1,2],[3,1,2],[4,1,2],[6,1,2],[7,1,2],[8,1,2],[12,1,2],[14,1,2],[15,1,2],[16,1,2],[18,1,2],[19,1,2],[0,1,3],[1,1,3],[10,1,3],[16,1,3],[0,1,5],[1,1,5],[2,1,5],[3,1,5],[7,1,5],[8,1,5],[11,1,5],[13,1,5],[14,1,5],[15,1,5],[17,1,5],[18,1,5],[19,1,5],[0,1,6],[2,1,6],[3,1,6],[10,1,6],[12,1,6],[16,1,6],[17,1,6],[4,1,7],[7,1,7],[8,1,7],[10,1,7],[12,1,7],[18,1,7],[19,1,7],[0,1,8],[2,1,8],[3,1,8],[5,1,8],[7,1,8],[12,1,8],[13,1,8],[18,1,8],[19,1,8],[0,1,9],[3,1,9],[4,1,9],[6,1,9],[11,1,9],[12,1,9],[13,1,9],[14,1,9],[17,1,9]
Nome.ultra;3[3,1,7],[4,1,7],[8,1,7]
Nome.6.0;48[0,1,0],[1,1,0],[5,1,0],[6,1,0],[7,1,0],[15,1,0],[1,1,1],[16,1,1],[17,1,1],[19,1,1],[1,1,4],[3,1,4],[4,1,4],[5,1,4],[0,1,5],[2,1,5],[7,1,5],[11,1,5],[18,1,5],[19,1,5],[1,1,6],[5,1,6],[11,1,6],[14,1,6],[4,1,7],[7,1,7],[8,1,7],[10,1,7],[13,1,7],[16,1,7],[17,1,7],[4,1,8],[6,1,8],[8,1,8],[10,1,8],[11,1,8],[14,1,8],[15,1,8],[16,1,8],[1,1,9],[5,1,9],[7,1,9],[8,1,9],[9,1,9],[10,1,9],[12,1,9],[13,1,9],[15,1,9]
Nome.smartphone;172[0,1,0],[1,1,0],[2,1,0],[5,1,0],[6,1,0],[7,1,0],[8,1,0],[9,1,0],[10,1,0],[11,1,0],[12,1,0],[14,1,0],[15,1,0],[16,1,0],[17,1,0],[0,1,1],[1,1,1],[2,1,1],[3,1,1],[4,1,1],[5,1,1],[6,1,1],[7,1,1],[8,1,1],[9,1,1],[11,1,1],[12,1,1],[13,1,1],[14,1,1],[15,1,1],[16,1,1],[17,1,1],[18,1,1],[19,1,1],[0,1,2],[1,1,2],[2,1,2],[3,1,2],[4,1,2],[5,1,2],[6,1,2],[7,1,2],[8,1,2],[9,1,2],[10,1,2],[11,1,2],[12,1,2],[13,1,2],[14,1,2],[15,1,2],[16,1,2],[17,1,2],[18,1,2],[19,1,2],[0,1,3],[1,1,3],[3,1,3],[4,1,3],[5,1,3],[6,1,3],[7,1,3],[8,1,3],[10,1,3],[11,1,3],[12,1,3],[13,1,3],[16,1,3],[18,1,3],[19,1,3],[0,1,4],[1,1,4],[2,1,4],[3,1,4],[4,1,4],[5,1,4],[0,1,5],[1,1,5],[2,1,5],[3,1,5],[4,1,5],[5,1,5],[6,1,5],[7,1,5],[8,1,5],[9,1,5],[10,1,5],[11,1,5],[12,1,5],[13,1,5],[14,1,5],[15,1,5],[16,1,5],[17,1,5],[18,1,5],[19,1,5],[0,1,6],[1,1,6],[2,1,6],[2,1,6],[3,1,6],[4,1,6],[5,1,6],[6,1,6],[7,1,6],[8,1,6],[9,1,6],[10,1,6],[11,1,6],[12,1,6],[12,1,6],[13,1,6],[14,1,6],[15,1,6],[16,1,6],[17,1,6],[0,1,7],[2,1,7],[3,1,7],[4,1,7],[4,1,7],[5,1,7],[6,1,7],[8,1,7],[8,1,7],[9,1,7],[11,1,7],[12,1,7],[13,1,7],[15,1,7],[16,1,7],[17,1,7],[18,1,7],[19,1,7],[0,1,8],[1,1,8],[2,1,8],[3,1,8],[4,1,8],[5,1,8],[6,1,8],[7,1,8],[8,1,8],[9,1,8],[10,1,8],[11,1,8],[12,1,8],[13,1,8],[14,1,8],[15,1,8],[16,1,8],[17,1,8],[18,1,8],[19,1,8],[0,1,9],[1,1,9],[2,1,9],[3,1,9],[4,1,9],[5,1,9],[6,1,9],[7,1,9],[8,1,9],[9,1,9],[10,1,9],[11,1,9],[12,1,9],[13,1,9],[14,1,9],[15,1,9],[16,1,9],[17,1,9],[18,1,9]
Nome.g;4[1,1,4],[3,1,4],[4,1,7],[8,1,7]
Nome.j7;28[10,1,0],[1,1,1],[9,1,1],[16,1,1],[2,1,2],[6,1,2],[15,1,2],[19,1,2],[1,1,3],[0,1,5],[2,1,5],[7,1,5],[8,1,5],[18,1,5],[19,1,5],[0,1,6],[16,1,6],[4,1,7],[7,1,7],[8,1,7],[0,1,8],[2,1,8],[5,1,8],[0,1,9],[3,1,9],[6,1,9],[12,1,9],[14,1,9]
Bateria[4201-4500];10[3,1,8],[6,1,8],[7,1,8],[10,1,8],[13,1,8],[14,1,8],[18,1,8],[2,1,9],[4,1,9],[11,1,9]
Nome.j5;19[4,1,1],[5,1,1],[15,1,1],[17,1,1],[19,1,1],[1,1,2],[14,1,2],[3,1,5],[11,1,5],[17,1,5],[2,1,6],[3,1,6],[4,1,7],[8,1,7],[3,1,8],[13,1,8],[4,1,9],[11,1,9],[13,1,9]
Nome.j3;6[14,1,5],[15,1,5],[4,1,7],[8,1,7],[7,1,8],[18,1,8]
Nome.j1;7[14,1,1],[10,1,3],[1,1,5],[13,1,5],[10,1,6],[4,1,7],[8,1,7]
Nome.metal;13[16,1,1],[17,1,1],[19,1,1],[2,1,2],[4,1,4],[5,1,4],[0,1,5],[2,1,5],[11,1,5],[4,1,7],[7,1,7],[8,1,7],[13,1,9]
Nome.j2;5[3,1,2],[8,1,2],[12,1,6],[4,1,7],[8,1,7]
Nome.ram,android;66[5,1,6],[6,1,6],[9,1,6],[10,1,6],[13,1,6],[13,1,6],[14,1,6],[16,1,6],[2,1,7],[4,1,7],[8,1,7],[11,1,7],[13,1,7],[17,1,7],[0,1,8],[1,1,8],[2,1,8],[3,1,8],[3,1,8],[4,1,8],[5,1,8],[6,1,8],[7,1,8],[8,1,8],[8,1,8],[9,1,8],[10,1,8],[11,1,8],[12,1,8],[13,1,8],[14,1,8],[15,1,8],[16,1,8],[18,1,8],[18,1,8],[19,1,8],[19,1,8],[0,1,9],[1,1,9],[1,1,9],[2,1,9],[2,1,9],[3,1,9],[3,1,9],[4,1,9],[5,1,9],[6,1,9],[7,1,9],[8,1,9],[8,1,9],[9,1,9],[10,1,9],[10,1,9],[11,1,9],[12,1,9],[12,1,9],[13,1,9],[13,1,9],[14,1,9],[14,1,9],[15,1,9],[16,1,9],[16,1,9],[17,1,9],[18,1,9],[19,1,9]
Nome.rádio;3[17,1,3],[4,1,7],[8,1,7]
Nome.9361892);1[15,1,7]
Nome.core,40gb*,1.5gb;3[5,1,6],[4,1,7],[8,1,7]
Nome.indigo;3[6,1,1],[4,1,7],[8,1,7]
Nome.hd;9[3,1,0],[13,1,0],[10,1,1],[9,1,3],[15,1,3],[11,1,6],[14,1,6],[4,1,7],[8,1,7]
Nome.ot5010;4[4,1,6],[8,1,6],[4,1,7],[8,1,7]
Nome.81s;3[17,1,0],[4,1,7],[8,1,7]
OS.ios;88[2,1,0],[3,1,0],[4,1,0],[6,1,0],[12,1,0],[13,1,0],[0,1,1],[0,1,1],[0,1,1],[1,1,1],[1,1,1],[2,1,1],[2,1,1],[5,1,1],[5,1,1],[6,1,1],[8,1,1],[10,1,1],[10,1,1],[11,1,1],[12,1,1],[15,1,1],[16,1,1],[16,1,1],[17,1,1],[18,1,1],[18,1,1],[19,1,1],[19,1,1],[4,1,2],[11,1,2],[14,1,2],[17,1,2],[19,1,2],[1,1,3],[2,1,3],[2,1,3],[3,1,3],[4,1,3],[5,1,3],[5,1,3],[6,1,3],[6,1,3],[8,1,3],[8,1,3],[10,1,3],[11,1,3],[12,1,3],[13,1,3],[15,1,3],[15,1,3],[18,1,3],[18,1,3],[0,1,5],[0,1,5],[3,1,5],[4,1,5],[5,1,5],[6,1,5],[7,1,5],[8,1,5],[9,1,5],[10,1,5],[11,1,5],[13,1,5],[14,1,5],[15,1,5],[16,1,5],[19,1,5],[2,1,6],[8,1,6],[12,1,6],[17,1,6],[3,1,7],[4,1,7],[7,1,7],[8,1,7],[15,1,7],[0,1,8],[1,1,8],[2,1,8],[9,1,8],[12,1,8],[0,1,9],[5,1,9],[9,1,9],[18,1,9],[19,1,9]
Nome.5mp;13[6,1,1],[10,1,3],[0,1,6],[1,1,6],[2,1,6],[3,1,6],[9,1,6],[10,1,6],[12,1,6],[12,1,6],[16,1,6],[4,1,7],[8,1,7]
Nome.rosa;9[3,1,2],[9,1,3],[13,1,3],[7,1,5],[12,1,6],[4,1,7],[8,1,7],[13,1,7],[12,1,9]
Nome.rose;1[14,1,8]
Nome.1gb;6[1,1,6],[6,1,6],[7,1,6],[9,1,6],[4,1,7],[8,1,7]
Nome.dual;139[0,1,0],[2,1,0],[5,1,0],[6,1,0],[7,1,0],[8,1,0],[9,1,0],[10,1,0],[11,1,0],[12,1,0],[14,1,0],[15,1,0],[16,1,0],[17,1,0],[0,1,1],[1,1,1],[2,1,1],[3,1,1],[4,1,1],[5,1,1],[6,1,1],[7,1,1],[8,1,1],[9,1,1],[11,1,1],[13,1,1],[14,1,1],[15,1,1],[16,1,1],[17,1,1],[18,1,1],[19,1,1],[5,1,2],[9,1,2],[10,1,2],[1,1,3],[3,1,3],[4,1,3],[5,1,3],[6,1,3],[8,1,3],[10,1,3],[12,1,3],[13,1,3],[16,1,3],[17,1,3],[18,1,3],[19,1,3],[0,1,4],[1,1,4],[2,1,4],[3,1,4],[4,1,4],[5,1,4],[0,1,5],[1,1,5],[2,1,5],[3,1,5],[4,1,5],[5,1,5],[6,1,5],[7,1,5],[8,1,5],[9,1,5],[10,1,5],[11,1,5],[12,1,5],[13,1,5],[14,1,5],[15,1,5],[16,1,5],[17,1,5],[18,1,5],[19,1,5],[0,1,6],[1,1,6],[2,1,6],[2,1,6],[3,1,6],[5,1,6],[6,1,6],[7,1,6],[9,1,6],[10,1,6],[11,1,6],[11,1,6],[12,1,6],[12,1,6],[12,1,6],[13,1,6],[14,1,6],[14,1,6],[15,1,6],[16,1,6],[17,1,6],[3,1,7],[4,1,7],[7,1,7],[8,1,7],[12,1,7],[0,1,8],[1,1,8],[2,1,8],[3,1,8],[4,1,8],[5,1,8],[6,1,8],[7,1,8],[8,1,8],[9,1,8],[10,1,8],[11,1,8],[12,1,8],[13,1,8],[14,1,8],[15,1,8],[16,1,8],[17,1,8],[18,1,8],[19,1,8],[0,1,9],[1,1,9],[2,1,9],[3,1,9],[4,1,9],[5,1,9],[6,1,9],[7,1,9],[8,1,9],[9,1,9],[10,1,9],[11,1,9],[12,1,9],[13,1,9],[14,1,9],[15,1,9],[16,1,9],[17,1,9],[18,1,9]
Nome.hdtv;3[0,1,7],[4,1,7],[8,1,7]
Nome.8915010);2[5,1,7],[8,1,7]
Nome.escuro;1[5,1,9]
Nome.a720f;4[4,1,2],[12,1,2],[4,1,7],[8,1,7]
Nome.duas;3[11,1,3],[4,1,7],[8,1,7]
Nome.resistente;5[10,1,1],[9,1,3],[15,1,3],[4,1,7],[8,1,7]
Nome.1.45;3[17,1,3],[4,1,7],[8,1,7]
Nome.5.5;4[0,1,6],[16,1,6],[4,1,7],[8,1,7]
Nome.5.1;37[10,1,0],[11,1,0],[4,1,1],[5,1,1],[9,1,1],[14,1,1],[15,1,1],[1,1,3],[10,1,3],[13,1,3],[1,1,5],[3,1,5],[8,1,5],[13,1,5],[14,1,5],[15,1,5],[17,1,5],[6,1,6],[7,1,6],[10,1,6],[12,1,6],[15,1,6],[4,1,7],[8,1,7],[12,1,7],[0,1,8],[3,1,8],[7,1,8],[12,1,8],[13,1,8],[18,1,8],[19,1,8],[3,1,9],[4,1,9],[11,1,9],[14,1,9],[17,1,9]
Bateria[901-1200];17[9,1,0],[0,1,8],[1,1,8],[4,1,8],[8,1,8],[9,1,8],[12,1,8],[19,1,8],[3,1,9],[7,1,9],[9,1,9],[10,1,9],[14,1,9],[15,1,9],[16,1,9],[17,1,9],[18,1,9]
Nome.ot4017;3[12,1,6],[4,1,7],[8,1,7]
Nome.flash,;10[0,1,6],[2,1,6],[3,1,6],[4,1,6],[6,1,6],[7,1,6],[9,1,6],[16,1,6],[4,1,7],[8,1,7]
Nome.,quad;3[5,1,6],[4,1,7],[8,1,7]
Nome.touch;9[3,1,0],[10,1,1],[2,1,3],[9,1,3],[15,1,3],[0,1,4],[2,1,4],[4,1,7],[8,1,7]
Nome.digital;8[17,1,2],[13,1,6],[4,1,7],[8,1,7],[11,1,8],[15,1,8],[16,1,8],[1,1,9]
Nome.j120h;3[10,1,6],[4,1,7],[8,1,7]
Bateria[601-900];6[2,1,8],[5,1,8],[0,1,9],[6,1,9],[12,1,9],[13,1,9]
Preco[2701-3000];14[16,1,1],[6,1,2],[15,1,2],[17,1,2],[8,1,3],[11,1,3],[6,1,5],[9,1,5],[16,1,5],[0,1,6],[2,1,6],[13,1,6],[16,1,6],[17,1,6]
Nome.flash,quad;3[8,1,6],[4,1,7],[8,1,7]
Nome.6,sensor;3[13,1,6],[4,1,7],[8,1,7]
Bateria[2101-2400];1[17,1,0]
Nome.azul;6[5,1,2],[18,1,3],[4,1,7],[8,1,7],[16,1,7],[5,1,9]
Nome.onetouch;3[14,1,3],[4,1,7],[8,1,7]
Nome.processador;58[6,1,0],[9,1,0],[0,1,1],[1,1,1],[2,1,1],[3,1,1],[4,1,1],[5,1,1],[6,1,1],[7,1,1],[8,1,1],[9,1,1],[11,1,1],[12,1,1],[13,1,1],[14,1,1],[15,1,1],[16,1,1],[17,1,1],[18,1,1],[19,1,1],[0,1,3],[1,1,3],[3,1,3],[4,1,3],[5,1,3],[6,1,3],[8,1,3],[10,1,3],[11,1,3],[12,1,3],[13,1,3],[16,1,3],[18,1,3],[19,1,3],[0,1,5],[1,1,5],[2,1,5],[3,1,5],[4,1,5],[5,1,5],[6,1,5],[7,1,5],[8,1,5],[9,1,5],[10,1,5],[11,1,5],[12,1,5],[13,1,5],[14,1,5],[15,1,5],[16,1,5],[17,1,5],[18,1,5],[19,1,5],[15,1,6],[4,1,7],[8,1,7]
Nome.isight;3[2,1,3],[4,1,7],[8,1,7]
Nome.c2;4[7,1,0],[10,1,2],[4,1,7],[8,1,7]
Conexao.Bluetooth;2[4,1,7],[8,1,7]
Nome.9412684);1[16,1,7]
Nome.gps,;3[2,1,3],[4,1,7],[8,1,7]
Nome.9277174);2[6,1,7],[8,1,7]
Nome.9247277);1[12,1,7]
Nome.frontal;21[10,1,3],[0,1,6],[1,1,6],[2,1,6],[2,1,6],[3,1,6],[4,1,6],[6,1,6],[7,1,6],[8,1,6],[9,1,6],[10,1,6],[11,1,6],[12,1,6],[14,1,6],[15,1,6],[16,1,6],[17,1,6],[4,1,7],[8,1,7],[17,1,8]
Nome.9362577);3[3,1,7],[4,1,7],[8,1,7]
Nome.5.1.1;2[6,1,7],[8,1,7]
Nome.ed;1[9,1,7]
Nome.smg955;3[18,1,2],[4,1,7],[8,1,7]
Nome.octacore;18[0,1,0],[1,1,1],[3,1,1],[7,1,1],[11,1,1],[0,1,3],[3,1,3],[4,1,3],[5,1,3],[8,1,3],[5,1,5],[6,1,5],[9,1,5],[16,1,5],[19,1,5],[3,1,7],[4,1,7],[8,1,7]
Nome.alcatel;15[11,1,2],[14,1,3],[0,1,4],[2,1,4],[4,1,4],[5,1,4],[4,1,6],[5,1,6],[6,1,6],[7,1,6],[8,1,6],[9,1,6],[12,1,6],[4,1,7],[8,1,7]
Preco[601-900];11[0,1,2],[7,1,2],[3,1,3],[4,1,3],[5,1,3],[1,1,4],[3,1,4],[5,1,5],[7,1,5],[18,1,5],[19,1,5]
Nome.4.5;3[10,1,6],[4,1,7],[8,1,7]
Nome.lite;1[17,1,8]
Nome.colors;14[15,1,0],[0,1,1],[18,1,1],[11,1,2],[13,1,2],[10,1,5],[12,1,5],[4,1,6],[8,1,6],[4,1,7],[5,1,7],[8,1,7],[4,1,8],[15,1,9]
Nome.vivo;3[14,1,3],[4,1,7],[8,1,7]
OS.windows_phone;90[0,1,0],[1,1,0],[3,1,0],[5,1,0],[7,1,0],[10,1,0],[16,1,0],[4,1,1],[4,1,1],[6,1,1],[7,1,1],[7,1,1],[9,1,1],[9,1,1],[10,1,1],[10,1,1],[13,1,1],[14,1,1],[16,1,1],[19,1,1],[1,1,2],[2,1,2],[3,1,2],[9,1,2],[10,1,2],[12,1,2],[15,1,2],[16,1,2],[0,1,3],[2,1,3],[3,1,3],[5,1,3],[8,1,3],[9,1,3],[9,1,3],[9,1,3],[12,1,3],[13,1,3],[15,1,3],[15,1,3],[16,1,3],[18,1,3],[1,1,4],[3,1,4],[4,1,4],[0,1,5],[1,1,5],[2,1,5],[3,1,5],[3,1,5],[4,1,5],[4,1,5],[5,1,5],[8,1,5],[9,1,5],[10,1,5],[10,1,5],[11,1,5],[12,1,5],[12,1,5],[17,1,5],[18,1,5],[18,1,5],[18,1,5],[19,1,5],[1,1,6],[5,1,6],[7,1,6],[11,1,6],[12,1,6],[15,1,6],[4,1,7],[8,1,7],[9,1,7],[10,1,7],[12,1,7],[4,1,8],[5,1,8],[6,1,8],[7,1,8],[10,1,8],[11,1,8],[14,1,8],[15,1,8],[16,1,8],[6,1,9],[7,1,9],[11,1,9],[15,1,9],[17,1,9]
Nome.octacore,;4[11,1,6],[14,1,6],[4,1,7],[8,1,7]
Nome.de;81[3,1,0],[4,1,0],[0,1,1],[0,1,1],[3,1,1],[3,1,1],[4,1,1],[5,1,1],[6,1,1],[6,1,1],[7,1,1],[7,1,1],[8,1,1],[8,1,1],[9,1,1],[10,1,1],[11,1,1],[11,1,1],[12,1,1],[12,1,1],[12,1,1],[13,1,1],[13,1,1],[14,1,1],[14,1,1],[15,1,1],[16,1,1],[17,1,1],[18,1,1],[18,1,1],[19,1,1],[1,1,3],[3,1,3],[4,1,3],[4,1,3],[5,1,3],[6,1,3],[6,1,3],[8,1,3],[8,1,3],[9,1,3],[10,1,3],[10,1,3],[11,1,3],[11,1,3],[11,1,3],[15,1,3],[17,1,3],[18,1,3],[19,1,3],[19,1,3],[0,1,5],[1,1,5],[1,1,5],[2,1,5],[3,1,5],[4,1,5],[4,1,5],[5,1,5],[6,1,5],[6,1,5],[8,1,5],[9,1,5],[9,1,5],[10,1,5],[10,1,5],[11,1,5],[12,1,5],[12,1,5],[13,1,5],[13,1,5],[14,1,5],[15,1,5],[16,1,5],[16,1,5],[17,1,5],[2,1,6],[3,1,6],[4,1,7],[8,1,7],[19,1,9]
Nome.1.14;7[8,1,1],[13,1,1],[6,1,3],[19,1,3],[4,1,5],[4,1,7],[8,1,7]
Nome.twist;3[18,1,3],[4,1,7],[8,1,7]
Nome.flash;5[5,1,6],[12,1,6],[12,1,6],[4,1,7],[8,1,7]
Bateria[1-300];
Bateria[3301-3600];2[5,1,9],[8,1,9]
Nome.16mp+frontal;3[13,1,6],[4,1,7],[8,1,7]
Nome.61s;3[9,1,0],[4,1,7],[8,1,7]
Nome.1ghz;3[6,1,1],[4,1,7],[8,1,7]
Preco[1-300];
Preco[3601-3900];9[7,1,0],[9,1,0],[17,1,0],[2,1,1],[6,1,1],[0,1,3],[0,1,7],[1,1,7],[2,1,7]
Nome.5.0",;9[4,1,1],[5,1,1],[15,1,1],[3,1,5],[14,1,5],[15,1,5],[17,1,5],[4,1,7],[8,1,7]
Nome.android™6.0.1;58[9,1,7],[11,1,7],[11,1,7],[13,1,7],[15,1,7],[17,1,7],[0,1,8],[1,1,8],[2,1,8],[3,1,8],[3,1,8],[4,1,8],[5,1,8],[6,1,8],[7,1,8],[8,1,8],[8,1,8],[9,1,8],[10,1,8],[11,1,8],[12,1,8],[13,1,8],[14,1,8],[15,1,8],[16,1,8],[18,1,8],[18,1,8],[19,1,8],[19,1,8],[0,1,9],[1,1,9],[1,1,9],[2,1,9],[2,1,9],[3,1,9],[3,1,9],[4,1,9],[5,1,9],[6,1,9],[7,1,9],[8,1,9],[8,1,9],[9,1,9],[10,1,9],[10,1,9],[11,1,9],[12,1,9],[12,1,9],[13,1,9],[13,1,9],[14,1,9],[14,1,9],[15,1,9],[16,1,9],[16,1,9],[17,1,9],[18,1,9],[19,1,9]
Nome.extra;4[2,1,1],[12,1,3],[4,1,7],[8,1,7]
Nome.titânio;4[11,1,3],[4,1,7],[8,1,7],[10,1,8]
Conexao.3g;3[9,1,0],[4,1,7],[8,1,7]
Nome.5mp,octa;3[13,1,6],[4,1,7],[8,1,7]
Nome.quadcore;10[0,1,1],[2,1,1],[18,1,1],[12,1,3],[18,1,3],[10,1,5],[12,1,5],[4,1,7],[8,1,7],[10,1,7]
Nome.pratatela;3[4,1,0],[4,1,7],[8,1,7]
Nome.cinza;5[13,1,0],[1,1,7],[4,1,7],[8,1,7],[19,1,9]
Nome.core,32gb,2gb;3[13,1,6],[4,1,7],[8,1,7]
Nome.xt1603;7[0,1,1],[18,1,1],[13,1,2],[10,1,5],[12,1,5],[4,1,7],[8,1,7]
Nome.16gb;50[4,1,0],[5,1,0],[6,1,0],[7,1,0],[10,1,0],[11,1,0],[13,1,0],[15,1,0],[10,1,2],[13,1,2],[0,1,6],[2,1,6],[3,1,6],[16,1,6],[0,1,7],[1,1,7],[2,1,7],[3,1,7],[4,1,7],[6,1,7],[7,1,7],[8,1,7],[10,1,7],[12,1,7],[13,1,7],[14,1,7],[17,1,7],[0,1,8],[3,1,8],[4,1,8],[6,1,8],[10,1,8],[11,1,8],[12,1,8],[13,1,8],[14,1,8],[15,1,8],[16,1,8],[19,1,8],[1,1,9],[3,1,9],[4,1,9],[5,1,9],[8,1,9],[11,1,9],[13,1,9],[14,1,9],[15,1,9],[17,1,9],[19,1,9]
Nome.frontal,;3[12,1,6],[4,1,7],[8,1,7]
Nome.xperia;4[7,1,3],[3,1,7],[4,1,7],[8,1,7]
Conexao.4g;58[0,1,0],[1,1,0],[2,1,0],[3,1,0],[4,1,0],[5,1,0],[6,1,0],[7,1,0],[8,1,0],[10,1,0],[11,1,0],[12,1,0],[13,1,0],[14,1,0],[15,1,0],[16,1,0],[17,1,0],[4,1,7],[8,1,7],[0,1,8],[1,1,8],[2,1,8],[3,1,8],[4,1,8],[5,1,8],[6,1,8],[7,1,8],[8,1,8],[9,1,8],[10,1,8],[11,1,8],[12,1,8],[13,1,8],[14,1,8],[15,1,8],[16,1,8],[18,1,8],[19,1,8],[0,1,9],[1,1,9],[2,1,9],[3,1,9],[4,1,9],[5,1,9],[6,1,9],[7,1,9],[8,1,9],[9,1,9],[10,1,9],[11,1,9],[12,1,9],[13,1,9],[14,1,9],[15,1,9],[16,1,9],[17,1,9],[18,1,9],[19,1,9]
Nome.motorola;29[5,1,0],[3,1,1],[7,1,1],[11,1,1],[13,1,2],[17,1,2],[4,1,3],[5,1,3],[8,1,3],[1,1,4],[3,1,4],[5,1,5],[6,1,5],[9,1,5],[16,1,5],[13,1,6],[0,1,7],[4,1,7],[4,1,7],[5,1,7],[8,1,7],[8,1,7],[9,1,7],[11,1,7],[15,1,7],[8,1,8],[2,1,9],[7,1,9],[10,1,9]
Nome.impressão;3[13,1,6],[4,1,7],[8,1,7]
Nome.marshmallow;15[4,1,7],[4,1,7],[8,1,7],[8,1,7],[9,1,7],[11,1,7],[15,1,7],[16,1,7],[6,1,8],[10,1,8],[11,1,8],[14,1,8],[15,1,8],[16,1,8],[1,1,9]
Nome.5.1",;3[0,1,3],[4,1,7],[8,1,7]
Nome.1.7ghz,;3[2,1,7],[4,1,7],[8,1,7]
Nome.vibe;11[7,1,0],[14,1,0],[2,1,1],[9,1,2],[10,1,2],[3,1,3],[12,1,3],[1,1,6],[4,1,7],[6,1,7],[8,1,7]
Nome.8869751);1[18,1,7]
Nome.com;73[0,1,1],[1,1,1],[2,1,1],[3,1,1],[4,1,1],[5,1,1],[6,1,1],[7,1,1],[8,1,1],[9,1,1],[10,1,1],[10,1,1],[11,1,1],[12,1,1],[13,1,1],[14,1,1],[15,1,1],[16,1,1],[17,1,1],[19,1,1],[0,1,3],[1,1,3],[2,1,3],[3,1,3],[4,1,3],[5,1,3],[6,1,3],[7,1,3],[8,1,3],[9,1,3],[9,1,3],[10,1,3],[11,1,3],[12,1,3],[13,1,3],[15,1,3],[15,1,3],[16,1,3],[18,1,3],[19,1,3],[0,1,5],[1,1,5],[2,1,5],[3,1,5],[4,1,5],[5,1,5],[6,1,5],[7,1,5],[8,1,5],[9,1,5],[10,1,5],[11,1,5],[13,1,5],[14,1,5],[15,1,5],[16,1,5],[17,1,5],[18,1,5],[19,1,5],[0,1,6],[2,1,6],[3,1,6],[4,1,6],[5,1,6],[6,1,6],[7,1,6],[8,1,6],[9,1,6],[12,1,6],[12,1,6],[16,1,6],[4,1,7],[8,1,7]
Nome.duos;48[10,1,0],[1,1,1],[4,1,1],[5,1,1],[9,1,1],[14,1,1],[15,1,1],[16,1,1],[17,1,1],[19,1,1],[0,1,2],[1,1,2],[4,1,2],[7,1,2],[12,1,2],[14,1,2],[19,1,2],[1,1,3],[10,1,3],[0,1,5],[1,1,5],[2,1,5],[3,1,5],[7,1,5],[8,1,5],[11,1,5],[13,1,5],[14,1,5],[15,1,5],[17,1,5],[18,1,5],[19,1,5],[0,1,6],[2,1,6],[3,1,6],[16,1,6],[17,1,6],[4,1,7],[8,1,7],[12,1,7],[0,1,8],[3,1,8],[13,1,8],[18,1,8],[3,1,9],[4,1,9],[11,1,9],[14,1,9]
Nome.android™;61[3,1,7],[4,1,7],[4,1,7],[8,1,7],[8,1,7],[11,1,7],[13,1,7],[13,1,7],[17,1,7],[0,1,8],[1,1,8],[2,1,8],[3,1,8],[3,1,8],[4,1,8],[5,1,8],[6,1,8],[7,1,8],[8,1,8],[8,1,8],[9,1,8],[10,1,8],[11,1,8],[12,1,8],[13,1,8],[14,1,8],[15,1,8],[16,1,8],[18,1,8],[18,1,8],[19,1,8],[19,1,8],[0,1,9],[1,1,9],[1,1,9],[2,1,9],[2,1,9],[3,1,9],[3,1,9],[4,1,9],[5,1,9],[6,1,9],[7,1,9],[8,1,9],[8,1,9],[9,1,9],[10,1,9],[10,1,9],[11,1,9],[12,1,9],[12,1,9],[13,1,9],[13,1,9],[14,1,9],[14,1,9],[15,1,9],[16,1,9],[16,1,9],[17,1,9],[18,1,9],[19,1,9]
Nome.nfc;6[10,1,1],[2,1,3],[9,1,3],[15,1,3],[4,1,7],[8,1,7]
Bateria[1201-1500];
Nome.1.0;3[18,1,3],[4,1,7],[8,1,7]
Nome.1.1;3[11,1,3],[4,1,7],[8,1,7]
Nome.2mp,;4[10,1,3],[1,1,6],[4,1,7],[8,1,7]
Nome.b220;3[17,1,3],[4,1,7],[8,1,7]
Nome.a9;3[0,1,0],[4,1,7],[8,1,7]
Nome.a7;5[4,1,2],[12,1,2],[4,1,7],[8,1,7],[12,1,7]
Nome.a510m;3[17,1,6],[4,1,7],[8,1,7]
Nome.edition;1[15,1,7]
Nome.asus;8[6,1,0],[12,1,0],[16,1,0],[13,1,3],[2,1,7],[4,1,7],[8,1,7],[17,1,7]
Nome.a5;6[11,1,0],[0,1,2],[7,1,2],[17,1,6],[4,1,7],[8,1,7]
Nome.1.0ghz,;3[1,1,6],[4,1,7],[8,1,7]
Nome.a3;4[16,1,3],[4,1,7],[8,1,7],[10,1,7]
Nome.5.1";5[1,1,0],[4,1,7],[8,1,7],[18,1,7],[19,1,7]
Nome.dourada;4[2,1,1],[12,1,3],[4,1,7],[8,1,7]
Nome.3g/wifi;3[9,1,0],[4,1,7],[8,1,7]
Nome.dourado;55[0,1,0],[3,1,0],[9,1,0],[10,1,0],[14,1,0],[1,1,1],[9,1,1],[10,1,1],[14,1,1],[15,1,1],[16,1,1],[18,1,1],[19,1,1],[2,1,2],[4,1,2],[6,1,2],[7,1,2],[14,1,2],[0,1,3],[1,1,3],[3,1,3],[15,1,3],[16,1,3],[19,1,3],[0,1,5],[8,1,5],[11,1,5],[12,1,5],[13,1,5],[14,1,5],[17,1,5],[19,1,5],[2,1,6],[3,1,6],[6,1,6],[10,1,6],[14,1,6],[2,1,7],[4,1,7],[8,1,7],[10,1,7],[14,1,7],[19,1,7],[0,1,8],[3,1,8],[5,1,8],[6,1,8],[7,1,8],[12,1,8],[15,1,8],[0,1,9],[8,1,9],[11,1,9],[14,1,9],[17,1,9]
Preco[2401-2700];1[5,1,0]
Nome.chip,;70[0,1,1],[1,1,1],[2,1,1],[3,1,1],[4,1,1],[5,1,1],[6,1,1],[7,1,1],[8,1,1],[9,1,1],[11,1,1],[13,1,1],[14,1,1],[15,1,1],[16,1,1],[17,1,1],[18,1,1],[19,1,1],[1,1,3],[3,1,3],[4,1,3],[5,1,3],[6,1,3],[8,1,3],[10,1,3],[12,1,3],[13,1,3],[16,1,3],[18,1,3],[19,1,3],[0,1,5],[1,1,5],[2,1,5],[3,1,5],[4,1,5],[5,1,5],[6,1,5],[7,1,5],[8,1,5],[9,1,5],[10,1,5],[11,1,5],[12,1,5],[13,1,5],[14,1,5],[15,1,5],[16,1,5],[17,1,5],[18,1,5],[19,1,5],[0,1,6],[1,1,6],[2,1,6],[2,1,6],[3,1,6],[5,1,6],[6,1,6],[7,1,6],[9,1,6],[10,1,6],[11,1,6],[12,1,6],[12,1,6],[14,1,6],[15,1,6],[16,1,6],[17,1,6],[4,1,7],[8,1,7],[17,1,8]
Nome.3.5',;3[12,1,6],[4,1,7],[8,1,7]
Nome.1.6;7[16,1,1],[0,1,5],[2,1,5],[17,1,6],[4,1,7],[8,1,7],[12,1,9]
Nome.1.8;3[0,1,0],[4,1,7],[8,1,7]
Nome.1.2;17[4,1,1],[5,1,1],[14,1,1],[15,1,1],[17,1,1],[19,1,1],[10,1,3],[1,1,5],[3,1,5],[11,1,5],[13,1,5],[17,1,5],[2,1,6],[3,1,6],[10,1,6],[4,1,7],[8,1,7]
Nome.1.3;4[9,1,0],[12,1,1],[4,1,7],[8,1,7]
Nome.1.5;7[9,1,1],[1,1,3],[8,1,5],[14,1,5],[15,1,5],[4,1,7],[8,1,7]
Nome.3g/4g/wifi;3[6,1,0],[4,1,7],[8,1,7]
OS.android;169[0,1,0],[1,1,0],[2,1,0],[4,1,0],[5,1,0],[6,1,0],[7,1,0],[8,1,0],[8,1,0],[9,1,0],[9,1,0],[10,1,0],[11,1,0],[11,1,0],[12,1,0],[13,1,0],[14,1,0],[15,1,0],[15,1,0],[16,1,0],[17,1,0],[17,1,0],[1,1,1],[2,1,1],[3,1,1],[3,1,1],[3,1,1],[4,1,1],[5,1,1],[6,1,1],[7,1,1],[8,1,1],[8,1,1],[9,1,1],[11,1,1],[11,1,1],[12,1,1],[12,1,1],[13,1,1],[13,1,1],[14,1,1],[14,1,1],[15,1,1],[15,1,1],[17,1,1],[17,1,1],[18,1,1],[0,1,2],[5,1,2],[6,1,2],[7,1,2],[8,1,2],[13,1,2],[18,1,2],[0,1,3],[0,1,3],[1,1,3],[1,1,3],[3,1,3],[4,1,3],[4,1,3],[6,1,3],[7,1,3],[9,1,3],[10,1,3],[10,1,3],[11,1,3],[11,1,3],[12,1,3],[13,1,3],[16,1,3],[16,1,3],[18,1,3],[19,1,3],[19,1,3],[19,1,3],[5,1,4],[1,1,5],[1,1,5],[2,1,5],[2,1,5],[5,1,5],[6,1,5],[6,1,5],[7,1,5],[7,1,5],[8,1,5],[9,1,5],[11,1,5],[12,1,5],[13,1,5],[13,1,5],[14,1,5],[14,1,5],[15,1,5],[15,1,5],[16,1,5],[16,1,5],[17,1,5],[17,1,5],[19,1,5],[0,1,6],[2,1,6],[3,1,6],[4,1,6],[6,1,6],[9,1,6],[10,1,6],[13,1,6],[14,1,6],[16,1,6],[2,1,7],[4,1,7],[8,1,7],[11,1,7],[13,1,7],[17,1,7],[0,1,8],[1,1,8],[2,1,8],[3,1,8],[3,1,8],[4,1,8],[5,1,8],[6,1,8],[7,1,8],[8,1,8],[8,1,8],[9,1,8],[10,1,8],[11,1,8],[12,1,8],[13,1,8],[14,1,8],[15,1,8],[16,1,8],[18,1,8],[18,1,8],[19,1,8],[19,1,8],[0,1,9],[1,1,9],[1,1,9],[2,1,9],[2,1,9],[3,1,9],[3,1,9],[4,1,9],[5,1,9],[6,1,9],[7,1,9],[8,1,9],[8,1,9],[9,1,9],[10,1,9],[10,1,9],[11,1,9],[12,1,9],[12,1,9],[13,1,9],[13,1,9],[14,1,9],[14,1,9],[15,1,9],[16,1,9],[16,1,9],[17,1,9],[18,1,9],[19,1,9]
Nome.iphone;12[3,1,0],[4,1,0],[13,1,0],[10,1,1],[2,1,3],[9,1,3],[15,1,3],[1,1,7],[4,1,7],[8,1,7],[14,1,7],[19,1,9]
Nome.tv,;6[0,1,1],[18,1,1],[10,1,5],[12,1,5],[4,1,7],[8,1,7]
Nome.k580;4[11,1,6],[14,1,6],[4,1,7],[8,1,7]
Nome.dtv;10[15,1,0],[0,1,1],[18,1,1],[13,1,3],[10,1,5],[12,1,5],[4,1,7],[8,1,7],[4,1,8],[15,1,9]
Nome.8632872);3[1,1,7],[4,1,7],[8,1,7]
Nome.índigo;6[12,1,1],[13,1,1],[5,1,2],[4,1,7],[8,1,7],[16,1,8]
Nome.lanterna;3[17,1,3],[4,1,7],[8,1,7]
Nome.xt1640;7[7,1,1],[4,1,3],[8,1,3],[6,1,5],[13,1,6],[4,1,7],[8,1,7]
Nome.10,;5[10,1,1],[9,1,3],[15,1,3],[4,1,7],[8,1,7]
Nome.quantum;1[16,1,7]
Nome.plus;21[2,1,0],[7,1,1],[17,1,2],[3,1,3],[4,1,3],[5,1,3],[8,1,3],[1,1,4],[3,1,4],[5,1,5],[6,1,5],[13,1,6],[4,1,7],[4,1,7],[8,1,7],[8,1,7],[14,1,7],[8,1,8],[7,1,9],[9,1,9],[10,1,9]
Preco[301-600];2[10,1,1],[18,1,2]
Nome.3.5';3[12,1,6],[4,1,7],[8,1,7]
Nome.13mp+frontal;3[5,1,6],[4,1,7],[8,1,7]
Nome.edge;1[18,1,7]
Nome.preto;64[1,1,0],[5,1,0],[6,1,0],[7,1,0],[11,1,0],[12,1,0],[15,1,0],[17,1,0],[0,1,1],[2,1,1],[4,1,1],[5,1,1],[7,1,1],[17,1,1],[0,1,2],[1,1,2],[8,1,2],[10,1,2],[11,1,2],[12,1,2],[13,1,2],[15,1,2],[18,1,2],[10,1,3],[12,1,3],[17,1,3],[0,1,4],[2,1,4],[1,1,5],[2,1,5],[3,1,5],[6,1,5],[10,1,5],[15,1,5],[18,1,5],[1,1,6],[2,1,6],[7,1,6],[12,1,6],[16,1,6],[17,1,6],[0,1,7],[4,1,7],[5,1,7],[7,1,7],[8,1,7],[8,1,7],[11,1,7],[12,1,7],[15,1,7],[17,1,7],[18,1,7],[2,1,8],[4,1,8],[8,1,8],[13,1,8],[18,1,8],[19,1,8],[2,1,9],[4,1,9],[6,1,9],[10,1,9],[13,1,9],[15,1,9]
Nome.a520f;4[0,1,2],[7,1,2],[4,1,7],[8,1,7]
Nome.1.3mp,;3[12,1,6],[4,1,7],[8,1,7]
Nome.memória,;3[12,1,6],[4,1,7],[8,1,7]
Nome.k10a40;3[10,1,2],[4,1,7],[8,1,7]
Conexao.Wifi;2[4,1,7],[8,1,7]
Nome.32gb,;24[1,1,1],[3,1,1],[7,1,1],[10,1,1],[11,1,1],[0,1,3],[2,1,3],[3,1,3],[4,1,3],[5,1,3],[7,1,3],[8,1,3],[9,1,3],[15,1,3],[5,1,5],[6,1,5],[7,1,5],[9,1,5],[16,1,5],[18,1,5],[19,1,5],[2,1,6],[4,1,7],[8,1,7]
Nome.retina;9[3,1,0],[4,1,0],[13,1,0],[10,1,1],[9,1,3],[15,1,3],[4,1,7],[8,1,7],[19,1,9]
Bateria[3601-3900];
Bateria[4801-5100];2[1,1,0],[19,1,9]
Nome.traseira,;3[11,1,3],[4,1,7],[8,1,7]
Nome.bamboo;3[4,1,7],[4,1,7],[8,1,7]
Nome.3075;3[14,1,3],[4,1,7],[8,1,7]
Nome.rosê;3[11,1,6],[4,1,7],[8,1,7]
Nome.4.0",;5[14,1,1],[1,1,5],[13,1,5],[4,1,7],[8,1,7]
Nome.21,5mp;3[3,1,7],[4,1,7],[8,1,7]
Nome.zenfone;8[6,1,0],[12,1,0],[16,1,0],[13,1,3],[2,1,7],[4,1,7],[8,1,7],[17,1,7]
